NSP2 / uM,NSP5 / uM,feature
2.907287674,5.824702404,TRUE
2.674751777,6.572231492,TRUE
2.596041707,6.520539668,TRUE
1.44841522,5.628675186,TRUE
1.397114924,5.228124237,TRUE
2.516162551,2.63471267,TRUE
2.463665492,5.69002853,TRUE
3.803607019,4.806574076,TRUE
4.571847186,4.02874151,TRUE
2.173304094,3.06646833,TRUE
1.209233773,5.577756351,TRUE
2.205352148,6.081224602,TRUE
3.483936618,7.732682986,TRUE
1.095287509,7.310639106,TRUE
4.345510367,3.559519233,TRUE
3.643245175,6.689876634,TRUE
1.589852014,7.178349611,TRUE
5.222914047,3.03830898,TRUE
3.486240746,4.103442286,TRUE
5.605807612,2.836384102,TRUE
2.039382987,6.084103126,TRUE
4.618345155,2.232420862,TRUE
4.49303338,5.164105557,TRUE
0.957593345,6.999058827,TRUE
2.098820236,5.965402549,TRUE
2.739888163,7.568817538,TRUE
1.363340312,7.802399452,TRUE
4.159243615,1.218805697,TRUE
2.97076957,2.641925672,TRUE
2.762421406,6.127391199,TRUE
4.488580683,4.60993315,TRUE
2.610310332,3.008773532,TRUE
1.635823801,6.490480465,TRUE
2.302173723,4.721260239,TRUE
1.993806834,6.862165567,TRUE
0.722513932,6.600873504,TRUE
1.894442657,6.314475763,TRUE
2.4268113,6.109650644,TRUE
3.362149836,4.053960915,TRUE
2.387458605,5.911871808,TRUE
1.544579506,6.852503026,TRUE
1.559270879,5.592798265,TRUE
2.854154545,6.658184365,TRUE
1.561441137,4.878671072,TRUE
2.31694377,4.635899121,TRUE
1.70138704,4.972893892,TRUE
1.134562959,5.278042105,TRUE
1.028385324,6.081212556,TRUE
1.750364887,6.128801563,TRUE
2.807015592,3.348899189,TRUE
5.75986339,4.670131498,TRUE
4.213187486,7.099558151,TRUE
2.614776031,3.037174658,TRUE
2.406043185,6.184700653,TRUE
1.506521523,3.332281501,TRUE
4.117276065,6.685114659,TRUE
2.692058621,2.442292792,TRUE
4.256021335,5.915422542,TRUE
3.997091045,5.439436209,TRUE
1.563366527,7.082768508,TRUE
0.915977128,7.512001325,TRUE
4.945732234,5.534239885,TRUE
2.597119978,6.242131912,TRUE
3.387503006,6.603805462,TRUE
1.765132602,4.615004605,TRUE
5.663514853,2.758644761,TRUE
4.95863882,2.679853899,TRUE
3.2659534,6.417872127,TRUE
1.525685263,6.793213549,TRUE
2.607812401,6.049173134,TRUE
4.958633211,2.325601708,TRUE
3.003689537,4.53337051,TRUE
3.624246675,2.995251603,TRUE
3.409574478,3.820745007,TRUE
3.873917401,5.021670492,TRUE
3.718283089,2.809066035,TRUE
1.81161721,7.927538503,TRUE
2.580668731,5.427482075,TRUE
4.27432092,2.646341853,TRUE
4.438792832,1.985073527,TRUE
2.653218926,6.935342884,TRUE
4.187177454,3.662383036,TRUE
5.360325587,2.211642575,TRUE
1.974447103,2.966609651,TRUE
2.374046871,6.30844939,TRUE
2.828006725,1.839200968,TRUE
1.850264008,7.711365225,TRUE
3.428491425,6.658521587,TRUE
3.149637402,6.705318184,TRUE
4.238026879,6.228754129,TRUE
5.022258502,2.183290374,TRUE
5.951622994,4.101202266,TRUE
3.387273322,5.808775119,TRUE
3.950277728,3.025090511,TRUE
5.040013299,6.00622867,TRUE
4.102367699,4.176043791,TRUE
2.181716717,3.004573451,TRUE
4.963285173,2.747910717,TRUE
3.185220437,3.596019898,TRUE
3.769628803,4.523194003,TRUE
3.674370921,2.706546753,TRUE
2.207389706,3.676443034,TRUE
1.773674997,7.733898234,TRUE
4.350257486,4.411165077,TRUE
3.303377578,6.319313691,TRUE
3.1101129,6.330788024,TRUE
2.916737273,2.639293475,TRUE
4.680602614,1.668448981,TRUE
5.186095161,2.117632808,TRUE
3.078397547,2.538897708,TRUE
0.809230668,5.375929468,TRUE
2.423530032,4.350765411,TRUE
2.083850888,2.8544622,TRUE
3.231392104,4.312323134,TRUE
1.522130013,7.613300148,TRUE
1.58989117,4.966019217,TRUE
1.74555012,3.339602123,TRUE
4.248499431,5.462874945,TRUE
2.138382746,2.564195324,TRUE
5.09141336,5.402604188,TRUE
7.372892497,5.952105572,TRUE
5.341556099,4.255277337,TRUE
2.094059383,5.83835399,TRUE
3.099789124,7.863891501,TRUE
3.954411235,6.6855123,TRUE
1.542991191,4.876605903,TRUE
1.755972629,7.297229787,TRUE
4.498046415,3.9200537,TRUE
6.480661702,5.065625801,TRUE
4.344122125,4.092909006,TRUE
2.915641748,3.413495417,TRUE
1.578666108,3.810255932,TRUE
2.484656813,6.52369129,TRUE
5.646964992,4.84430646,TRUE
2.557968143,7.89000141,TRUE
2.175765594,7.761256308,TRUE
2.395104101,5.332063128,TRUE
1.570739691,5.008638041,TRUE
5.207984504,4.056096362,TRUE
5.717774974,1.266107294,TRUE
2.126770627,6.024227496,TRUE
1.928641526,4.717464909,TRUE
2.257060239,3.329036708,TRUE
5.128400702,5.815738659,TRUE
3.790915635,6.121120106,TRUE
1.637054005,7.332421966,TRUE
3.684306515,6.304564475,TRUE
0.748374108,6.046080338,TRUE
2.379086147,4.561875449,TRUE
2.931386552,3.652570561,TRUE
2.669567126,4.003844028,TRUE
3.186967488,4.989648122,TRUE
2.766473128,0.46115882,TRUE
4.861175167,3.97016173,TRUE
3.480288414,5.020154537,TRUE
2.279013745,5.185785848,TRUE
3.729612478,6.582888961,TRUE
5.208073955,4.71793873,TRUE
4.240243381,6.465212833,TRUE
1.938887365,6.875284331,TRUE
2.424151836,4.36138952,TRUE
2.31899096,3.818958112,TRUE
1.071935513,5.46256926,TRUE
6.361548928,4.818529109,TRUE
4.723132221,5.200013331,TRUE
4.478248592,6.016177534,TRUE
1.691167642,6.276276045,TRUE
3.964993886,5.710275207,TRUE
4.008097546,3.384245416,TRUE
2.55619571,5.841812895,TRUE
1.273186343,4.190045803,TRUE
4.560495641,2.796566536,TRUE
3.869247264,6.84806204,TRUE
1.84244927,6.671962997,TRUE
2.172102285,7.058729885,TRUE
1.867337196,6.19656053,TRUE
3.16513851,6.478792999,TRUE
4.861630816,6.778193454,TRUE
1.952342583,5.677065188,TRUE
4.210527476,6.419959474,TRUE
5.204305539,6.215736605,TRUE
2.63583514,4.30158788,TRUE
2.167994097,4.345506614,TRUE
0.971536936,5.72885678,TRUE
1.503603681,5.840334185,TRUE
2.132333366,7.367003777,TRUE
3.664082608,7.294645863,TRUE
3.470033818,7.460031666,TRUE
1.842634742,4.753520863,TRUE
4.64969581,4.094288397,TRUE
2.340456016,4.767039812,TRUE
2.459570714,3.665537666,TRUE
2.828818684,7.33061678,TRUE
1.408996167,5.017357933,TRUE
2.360930517,7.242280234,TRUE
6.259083637,9.076071954,TRUE
2.736779372,6.776823483,TRUE
2.800552869,3.270674891,TRUE
0.97968308,6.592032915,TRUE
4.556604575,5.280324626,TRUE
1.205263541,6.12542803,TRUE
1.252345236,4.310013236,TRUE
3.842090605,3.724971628,TRUE
1.320741997,5.316424894,TRUE
1.689622383,5.551796891,TRUE
1.765876741,4.812347491,TRUE
3.108095949,4.706436335,TRUE
1.985872519,5.361836427,TRUE
3.363707525,7.190382272,TRUE
2.027113167,5.471740814,TRUE
1.813233937,6.328517493,TRUE
1.806922286,6.739327707,TRUE
1.717270223,4.276115285,TRUE
2.38799822,3.482079139,TRUE
1.710493323,4.553197614,TRUE
1.515720166,4.244190389,TRUE
1.842025261,3.766669251,TRUE
4.098460885,5.79523784,TRUE
2.392331548,7.584065618,TRUE
2.185340519,3.688917121,TRUE
2.016780313,3.457671467,TRUE
4.243383313,6.251529895,TRUE
4.032222871,3.480201769,TRUE
2.770380186,2.474137353,TRUE
2.865541553,6.070585584,TRUE
2.417140321,5.278048084,TRUE
0.927251345,4.576407373,TRUE
3.514400997,4.465454058,TRUE
3.002410642,5.632983962,TRUE
1.619213349,7.414467886,TRUE
4.927804097,7.769574136,TRUE
4.043480037,6.976616571,TRUE
2.273753637,4.562634854,TRUE
2.039980433,4.240016447,TRUE
5.716567782,6.764869606,TRUE
1.615605704,2.695765393,TRUE
2.917665776,5.040408565,TRUE
3.281977618,6.851878906,TRUE
4.709791173,2.695304315,TRUE
6.130374578,3.080822607,TRUE
2.613619419,4.302059661,TRUE
3.741628819,3.639627368,TRUE
3.062652828,5.733348903,TRUE
2.072658281,2.601628495,TRUE
4.511139965,3.929680555,TRUE
3.327368481,3.783305068,TRUE
1.403423476,4.695128362,TRUE
4.987920503,1.708411658,TRUE
2.908590294,4.799841653,TRUE
2.098531259,6.113779864,TRUE
3.499701928,6.558802827,TRUE
1.955050102,7.137233165,TRUE
4.352135904,3.883975747,TRUE
4.811813499,4.017291639,TRUE
3.439323552,7.770542196,TRUE
0.868839912,5.992478239,TRUE
3.416018359,5.135469008,TRUE
3.961882067,3.338697767,TRUE
1.030715028,6.324085234,TRUE
5.495734362,3.853452077,TRUE
3.031956377,6.44497042,TRUE
3.500527853,3.071476359,TRUE
4.974633847,6.007926778,TRUE
4.936859507,2.42703224,TRUE
5.141957888,3.39045115,TRUE
4.100731243,6.902270152,TRUE
3.762696036,6.736059572,TRUE
3.651919155,2.924074763,TRUE
3.323416682,7.813238993,TRUE
1.535500347,6.907899173,TRUE
3.505621981,6.215305598,TRUE
5.88589993,5.614281064,TRUE
6.604731197,6.624730613,TRUE
3.947199034,5.289004467,TRUE
3.747626951,9.487288212,TRUE
1.287393902,5.949239524,TRUE
2.452834454,5.324859963,TRUE
1.416058744,6.445030082,TRUE
2.889625506,7.348389954,TRUE
2.197211502,3.112548525,TRUE
1.477612086,7.03852363,TRUE
4.76791745,6.874995486,TRUE
2.40648866,4.692159788,TRUE
1.504802097,6.019659419,TRUE
1.707281764,3.379878348,TRUE
2.585049855,7.884278467,TRUE
2.821667398,3.512719263,TRUE
2.370318529,7.243402266,TRUE
2.928768764,3.619448865,TRUE
4.755135841,3.039875084,TRUE
4.627449789,3.133041171,TRUE
4.580446127,5.746118112,TRUE
1.142239711,6.340141163,TRUE
3.618198549,4.997487344,TRUE
1.425765181,6.769142077,TRUE
0.905463789,6.644508057,TRUE
1.181783296,6.467141611,TRUE
3.908712231,5.826640651,TRUE
1.056035038,4.407548622,TRUE
3.208141481,5.696737731,TRUE
0.960671199,5.707630779,TRUE
2.171661149,6.33887174,TRUE
3.259797255,5.911439307,TRUE
4.941100108,5.720572814,TRUE
2.964407509,4.375236822,TRUE
2.79043674,4.009576944,TRUE
1.78650608,7.222152938,TRUE
2.576801592,8.416118825,TRUE
1.331431138,7.402626448,TRUE
3.311119931,9.170056039,TRUE
4.332448453,5.76800289,TRUE
4.357241582,7.445414267,TRUE
2.245227535,7.807914711,TRUE
6.114024032,8.245001148,TRUE
2.218356295,7.505885901,TRUE
6.420003372,5.085109851,TRUE
2.021062745,7.269710776,TRUE
3.071850806,8.912833323,TRUE
3.037950695,3.900998836,TRUE
3.989985541,5.176860382,TRUE
1.907553424,5.616486637,TRUE
3.507770776,5.620042696,TRUE
2.275255125,5.56589393,TRUE
1.745805494,7.373945772,TRUE
4.625495547,5.428431481,TRUE
2.997235065,7.747294876,TRUE
3.826998599,8.050591205,TRUE
5.877137272,7.932662156,TRUE
2.433641734,7.372519796,TRUE
4.283110576,6.410164297,TRUE
4.133117979,5.628859609,TRUE
5.428276216,5.616281323,TRUE
5.392051194,8.692005312,TRUE
2.407896709,7.157822903,TRUE
5.885458755,6.922122952,TRUE
2.090409188,7.451351342,TRUE
2.294848886,7.029663065,TRUE
0.592753829,7.044025402,TRUE
1.621544318,5.15547236,TRUE
1.75455758,5.960635239,TRUE
4.991932857,4.245902033,TRUE
3.300767007,3.315202375,TRUE
1.535267175,7.374951403,TRUE
5.225262585,3.386844117,TRUE
1.277528299,5.603458609,TRUE
6.076858334,3.739333574,TRUE
5.25788689,5.275718494,TRUE
5.8050922,3.572426143,TRUE
2.903046461,5.426532056,TRUE
1.42978444,5.669506493,TRUE
3.468159518,5.532164447,TRUE
3.34498369,3.719894988,TRUE
3.268301661,7.393577656,TRUE
5.481554968,3.528342015,TRUE
1.777233844,7.416777911,TRUE
3.831866938,4.619367885,TRUE
3.234121181,7.102830413,TRUE
2.934425326,7.112778594,TRUE
4.329698226,3.146416433,TRUE
5.503462758,2.62764948,TRUE
1.52692824,7.187341064,TRUE
1.995756896,5.694433683,TRUE
1.191725705,5.026204936,TRUE
1.160927675,5.300269628,TRUE
4.576590156,6.484980256,TRUE
1.866440783,6.736946091,TRUE
3.665019799,4.354287863,TRUE
1.44743175,4.895723242,TRUE
1.877148426,4.992112523,TRUE
2.891746811,6.403001252,TRUE
2.244348516,4.920370319,TRUE
5.035167532,7.8176514,TRUE
5.843833979,2.385700465,TRUE
2.394304477,6.964486578,TRUE
1.240265135,6.408245643,TRUE
1.63301617,4.90918749,TRUE
1.372496432,5.682599708,TRUE
1.883801569,8.068874001,TRUE
1.825363872,4.709614489,TRUE
2.565213597,5.585552885,TRUE
4.235812178,3.072497285,TRUE
2.313164447,7.608974725,TRUE
2.526834965,6.117573319,TRUE
3.264273501,4.067812611,TRUE
3.520117001,7.73267221,TRUE
1.850469922,5.731669114,TRUE
2.644142318,5.283054589,TRUE
1.833355739,7.482994874,TRUE
2.790903609,4.980052628,TRUE
4.120590414,4.271771578,TRUE
2.935203008,5.284858017,TRUE
3.972089035,4.517126949,TRUE
1.922080822,7.326117134,TRUE
4.266290168,6.735938065,TRUE
4.86219911,5.494142329,TRUE
1.431853179,7.584959188,TRUE
4.850395268,3.81137726,TRUE
2.768548439,4.64197978,TRUE
4.541102766,6.706549991,TRUE
2.296916165,7.306951417,TRUE
1.783439478,7.454791801,TRUE
1.958582091,6.824054226,TRUE
3.960549763,5.752054115,TRUE
4.637722542,3.476799048,TRUE
1.43809112,6.662348668,TRUE
2.386023159,7.10216965,TRUE
2.113236949,6.946369897,TRUE
2.678605097,2.968987244,TRUE
2.194739532,4.299430623,TRUE
4.20601084,6.427946844,TRUE
3.393988115,4.563517403,TRUE
3.389780246,6.750188598,TRUE
2.396447558,4.95943276,TRUE
4.09631263,5.887929149,TRUE
2.646553325,7.361933561,TRUE
1.683247038,5.246411681,TRUE
2.464419658,4.305425482,TRUE
3.093282778,5.971294215,TRUE
4.533104449,3.932235109,TRUE
1.823760905,5.502242045,TRUE
4.500591269,4.28847023,TRUE
1.989306661,3.686737547,TRUE
2.448970427,5.331763087,TRUE
3.181980404,3.681124775,TRUE
2.296991483,5.976111418,TRUE
0.679043835,6.664178821,TRUE
5.326840686,3.267649199,TRUE
0.823992486,6.600532705,TRUE
1.93638618,4.923014546,TRUE
2.948325339,7.156559405,TRUE
2.283301532,5.957319502,TRUE
2.274466607,3.958603013,TRUE
1.925183205,7.996472021,TRUE
5.05494619,4.889766535,TRUE
1.119058014,7.772725327,TRUE
1.1338563,6.858871312,TRUE
6.121702008,3.430996209,TRUE
1.993413431,7.047625758,TRUE
3.118589718,7.254588014,TRUE
2.294790624,2.81200972,TRUE
2.330935337,5.056615991,TRUE
3.023798706,7.076485591,TRUE
2.066416704,6.78621126,TRUE
1.538772913,7.194627332,TRUE
2.028235256,4.716477962,TRUE
1.025974396,6.806761233,TRUE
3.337987366,6.017744866,TRUE
1.580807695,5.066399107,TRUE
2.208137959,4.360184385,TRUE
1.543918215,6.786936956,TRUE
1.754952923,5.234664016,TRUE
3.578469891,6.761902679,TRUE
1.235488563,5.097108309,TRUE
4.397650232,6.979420172,TRUE
2.070047313,5.513889594,TRUE
5.076238315,3.562957252,TRUE
2.225244793,5.75818955,TRUE
1.260100851,7.313185349,TRUE
1.04182176,7.074894065,TRUE
1.817650492,5.963406236,TRUE
1.818061957,5.976803205,TRUE
3.810398861,7.128686443,TRUE
0.879403336,6.723458466,TRUE
3.984495961,2.023438357,TRUE
1.201211805,6.694759697,TRUE
2.324711792,5.331301552,TRUE
4.194919348,5.664454789,TRUE
2.394240443,7.091864238,TRUE
1.640411505,5.650362369,TRUE
3.101766655,7.270585668,TRUE
2.220806217,5.637858902,TRUE
1.795627152,5.937517868,TRUE
3.512492262,5.889061355,TRUE
3.402579686,5.625765985,TRUE
0.967549441,4.182051423,TRUE
2.237648923,4.734691599,TRUE
0.530433965,5.692649117,TRUE
1.765991162,5.896303926,TRUE
2.0914666,2.863004606,TRUE
1.435642633,6.583103214,TRUE
2.520035996,2.288567566,TRUE
3.052771873,4.46127353,TRUE
0.984163948,5.784385547,TRUE
4.650341255,2.820967856,TRUE
2.562823,3.089588292,TRUE
2.682218416,4.043815263,TRUE
0.084976636,5.344455095,TRUE
0.568061485,6.82120973,TRUE
0.611591788,5.962548525,TRUE
2.11710214,4.795162505,TRUE
1.707540758,5.574263545,TRUE
2.607731635,4.923987495,TRUE
4.676737901,5.668683225,TRUE
2.763245704,4.881666415,TRUE
1.04672035,4.040986904,TRUE
1.141134282,5.887459665,TRUE
3.666655101,6.723482627,TRUE
0.874066879,7.869139127,TRUE
1.572792573,5.417978603,TRUE
2.047985464,7.46983671,TRUE
2.828756034,6.491332757,TRUE
1.492827138,7.586783893,TRUE
2.015300408,2.755056195,TRUE
0.94040653,5.461304569,TRUE
2.0649008,2.655118238,TRUE
2.97701753,1.586969992,TRUE
2.355938429,2.366869625,TRUE
2.207420382,6.634901723,TRUE
1.201859574,5.438503516,TRUE
2.27879108,0.695607648,TRUE
4.255016328,6.921349703,TRUE
1.627852299,2.153228746,TRUE
1.976720982,3.298116764,TRUE
1.229820034,7.393689952,TRUE
1.396089831,7.13802997,TRUE
2.589863792,3.289676584,TRUE
2.580924531,5.286954399,TRUE
1.122911871,7.629346981,TRUE
1.175780379,8.163330184,TRUE
0.953303037,7.623818176,TRUE
3.185286652,6.746705957,TRUE
4.382719378,5.626086774,TRUE
3.546884949,4.86706356,TRUE
1.882975815,6.205400346,TRUE
1.081822802,5.651402808,TRUE
4.144116771,3.451514321,TRUE
1.053774252,3.270761483,TRUE
1.491987766,3.672356488,TRUE
2.272500117,3.370725604,TRUE
1.905576831,5.021024829,TRUE
1.690716323,6.648717197,TRUE
4.337022824,5.811779852,TRUE
1.827044895,4.665290756,TRUE
2.812476721,3.529202809,TRUE
0.859529191,7.142351589,TRUE
2.1987973,5.259470851,TRUE
3.56637478,5.349174898,TRUE
2.014622527,6.323170156,TRUE
1.765927591,4.856849027,TRUE
1.460668054,3.744008248,TRUE
3.398239679,4.406501765,TRUE
2.407880031,2.801027788,TRUE
4.197651022,3.250437844,TRUE
1.580710143,5.396161162,TRUE
3.713291769,4.489759743,TRUE
1.980271205,6.596101165,TRUE
1.761371359,4.602229398,TRUE
1.386518646,4.976619716,TRUE
3.106117476,5.283718062,TRUE
4.464941559,2.889929106,TRUE
2.324104626,4.650307183,TRUE
1.053516853,7.581449785,TRUE
3.622766243,6.127844953,TRUE
3.440781659,4.272840637,TRUE
4.363385592,1.694482592,TRUE
3.630178758,2.396636894,TRUE
2.795319726,6.222510613,TRUE
3.364727318,5.2597989,TRUE
2.11091043,4.886008542,TRUE
1.682141914,6.669818799,TRUE
4.849733743,2.465461265,TRUE
4.13214937,5.034444223,TRUE
2.142794886,4.176334898,TRUE
2.914218944,6.423495603,TRUE
2.674165503,2.183616013,TRUE
5.267797848,6.316550144,TRUE
1.265270722,6.493953188,TRUE
1.662514135,2.83660657,TRUE
1.729960761,6.456813107,TRUE
2.569974324,7.038744756,TRUE
1.920701695,5.212990586,TRUE
1.536180745,5.632807136,TRUE
4.59972514,1.544528091,TRUE
3.614457708,1.97048474,TRUE
2.930282545,3.345261487,TRUE
2.072729244,3.40547962,TRUE
2.504860983,8.401296936,TRUE
4.16837987,5.852336202,TRUE
3.40001565,8.639373292,TRUE
4.355511138,5.013934546,TRUE
2.359820127,7.060344679,TRUE
2.326363462,2.884717618,TRUE
1.658867651,3.322194437,TRUE
1.963587809,6.139931345,TRUE
2.530024168,6.706430285,TRUE
1.334736788,7.283790639,TRUE
1.443537364,7.016140979,TRUE
2.393201979,5.496149735,TRUE
1.6905129,2.789961421,TRUE
2.286300085,2.971695175,TRUE
1.153516022,5.151859976,TRUE
1.341741809,5.143346034,TRUE
1.778304595,5.089141429,TRUE
4.70464206,4.173218379,TRUE
3.805875914,1.109526159,TRUE
4.68848566,6.180083959,TRUE
5.346413046,3.2766926,TRUE
2.754349167,3.372508678,TRUE
5.297469285,5.617718562,TRUE
3.462940002,1.622223718,TRUE
2.433589387,1.481899425,TRUE
1.552633063,2.805131703,TRUE
3.202328891,6.81280099,TRUE
3.266499066,3.954238884,TRUE
3.748459962,1.564733325,TRUE
5.003148806,3.831444289,TRUE
2.417869686,2.866642579,TRUE
4.656763556,5.52081479,TRUE
1.118083677,6.764210143,TRUE
1.574969283,4.59002695,TRUE
1.169478863,4.8180032,TRUE
5.096526412,3.450786912,TRUE
3.04125401,6.987148767,TRUE
3.210688422,6.276801008,TRUE
3.252151598,2.659791416,TRUE
3.718904226,5.83242409,TRUE
1.219375671,6.426501025,TRUE
1.427334318,4.445193402,TRUE
2.418336671,5.326827802,TRUE
3.663123956,3.708677914,TRUE
2.068114328,3.154572127,TRUE
2.239852495,5.62453893,TRUE
2.484504712,1.385694116,TRUE
1.799981137,6.395291922,TRUE
3.889189198,5.311464286,TRUE
4.923705036,2.970838048,TRUE
4.684908561,3.022567175,TRUE
0.93529102,8.352809551,TRUE
2.029792533,7.206360654,TRUE
5.534334171,4.563479314,TRUE
5.607621282,2.632700523,TRUE
3.297111785,3.525356846,TRUE
4.046089925,6.035485683,TRUE
2.310203515,4.49339466,TRUE
4.251606122,1.092267575,TRUE
3.078479967,2.710500443,TRUE
4.009510511,2.547997637,TRUE
3.885401058,1.163253208,TRUE
1.255609277,4.815110381,TRUE
1.943367051,5.884089406,TRUE
5.52018907,2.337595429,TRUE
3.319056619,6.35512477,TRUE
2.467450073,4.186812341,TRUE
4.019176019,5.683481994,TRUE
1.925253995,5.177880424,TRUE
2.565681242,3.447899242,TRUE
4.896043858,5.335478006,TRUE
2.005926457,7.18506039,TRUE
2.293193314,3.273326488,TRUE
5.358416498,2.029302896,TRUE
3.134826703,4.76158172,TRUE
2.923825192,4.077688372,TRUE
2.983074242,5.321828973,TRUE
4.676110653,6.149429228,TRUE
1.426902918,6.898214805,TRUE
2.193326504,5.498204125,TRUE
2.273286061,4.86603776,TRUE
2.075166331,5.292289541,TRUE
2.974113266,6.838086263,TRUE
4.602798109,2.502692829,TRUE
0.952256602,6.635164639,TRUE
2.677030733,3.900455673,TRUE
2.127957052,6.034842723,TRUE
3.081694585,2.779335296,TRUE
1.302139528,4.473831675,TRUE
2.146980708,4.125426614,TRUE
5.093363641,2.373957265,TRUE
1.465393948,7.145622158,TRUE
4.243744411,5.301345239,TRUE
1.752853175,5.869139275,TRUE
6.413179591,0.998161858,TRUE
1.061410288,6.697013566,TRUE
2.163068713,4.986845988,TRUE
5.451250383,3.177396917,TRUE
1.135928008,6.45983404,TRUE
1.065323839,7.200329804,TRUE
2.262132872,6.070786414,TRUE
5.28698887,2.704794442,TRUE
3.182008905,2.647955315,TRUE
2.588358603,3.364424986,TRUE
1.954920923,7.108495416,TRUE
3.717745692,5.722780296,TRUE
3.152648869,1.221011028,TRUE
2.065040275,5.130458242,TRUE
3.798330293,1.385487297,TRUE
3.170969097,2.654918296,TRUE
3.427808527,2.879935707,TRUE
5.460706551,1.890186973,TRUE
1.796723708,7.291473335,TRUE
3.601855864,5.982244512,TRUE
1.986209227,5.375223928,TRUE
3.649981074,1.471008478,TRUE
3.28603254,3.016035405,TRUE
5.415195986,2.022728677,TRUE
4.061485506,4.471980287,TRUE
0.82514832,5.118267014,TRUE
1.744759793,4.671925716,TRUE
5.474256063,1.941777286,TRUE
1.84154133,4.979350171,TRUE
1.808621425,6.642326393,TRUE
2.159292749,4.602631328,TRUE
3.22539786,2.840272697,TRUE
1.294357954,2.843711793,TRUE
4.296366777,1.843510973,TRUE
0.84515165,5.40655184,TRUE
3.408685623,5.780611445,TRUE
1.162162248,7.04900583,TRUE
0.838913185,5.247224322,TRUE
4.997487294,2.796783254,TRUE
1.425283641,5.939062746,TRUE
1.593993575,5.758600226,TRUE
2.077169959,5.468845478,TRUE
3.108070149,1.133438495,TRUE
2.666025902,6.694374324,TRUE
2.227999946,4.849560629,TRUE
2.604370497,8.003063782,TRUE
4.862227536,3.251226973,TRUE
2.520787152,5.665892571,TRUE
3.653784581,4.41739376,TRUE
1.999640505,4.488791703,TRUE
2.801785499,6.478035594,TRUE
2.371109216,5.233595114,TRUE
3.452481325,2.763524492,TRUE
2.229256648,4.534877982,TRUE
5.59675459,2.652277066,TRUE
1.437460625,7.165448586,TRUE
4.456333872,5.442202732,TRUE
1.995755527,2.838148657,TRUE
4.208622073,4.555666279,TRUE
3.256776409,5.806126389,TRUE
2.371788775,5.022120459,TRUE
2.352039161,0.871128251,TRUE
1.956225454,5.824225479,TRUE
3.879657602,7.184465677,TRUE
2.77582356,5.746420944,TRUE
3.643138254,3.15050762,TRUE
4.453615175,5.055951361,TRUE
4.146525278,1.231096934,TRUE
3.851893812,5.611355542,TRUE
2.101271539,4.374884269,TRUE
3.933041189,0.967852372,TRUE
2.711083234,5.848530417,TRUE
4.672390877,3.001679992,TRUE
5.271778337,2.777176492,TRUE
2.257033021,4.65364754,TRUE
2.3452767,4.385072853,TRUE
2.522969203,4.855897998,TRUE
1.685533243,7.513556599,TRUE
4.837712225,3.301309258,TRUE
2.783377659,0.984119849,TRUE
2.426603851,3.25629523,TRUE
1.740929807,4.392203223,TRUE
2.928144252,2.158468036,TRUE
2.358158948,0.905152381,TRUE
4.821512332,1.41737317,TRUE
0.837452296,5.502743844,TRUE
2.244694628,2.500361848,TRUE
3.263722372,5.054948001,TRUE
1.953034954,2.646220049,TRUE
4.19790239,4.382294094,TRUE
5.197372307,1.586350925,TRUE
1.167882669,8.119221977,TRUE
3.314590653,7.565280768,TRUE
2.533270171,6.794191743,TRUE
3.474788032,1.401376393,TRUE
3.798042272,2.335157517,TRUE
6.04619761,2.565429026,TRUE
2.372229725,6.329012769,TRUE
1.678971419,4.237917305,TRUE
1.614013325,1.175238325,TRUE
1.622848341,4.389591951,TRUE
0.829041086,6.976416119,TRUE
3.208516881,6.22960866,TRUE
2.033049949,2.936786202,TRUE
1.959153604,0.8848864,TRUE
3.996062945,2.574038106,TRUE
4.222905068,3.013485875,TRUE
1.129939735,5.133278638,TRUE
1.514446017,6.405669842,TRUE
1.565396653,7.391439841,TRUE
3.196027747,3.416761899,TRUE
2.187192151,4.942004291,TRUE
1.287879795,5.959270879,TRUE
4.126328602,3.71337848,TRUE
2.873338371,1.029689684,TRUE
4.561432263,1.568001702,TRUE
4.329452246,2.934150539,TRUE
4.320452592,6.178373078,TRUE
1.20605225,4.367319604,TRUE
1.480652592,6.24164589,TRUE
3.779884761,7.382874465,TRUE
5.382883715,2.027643286,TRUE
2.664914389,3.632374514,TRUE
3.929725318,7.717744218,TRUE
3.052422096,6.659863399,TRUE
3.920466703,5.842072942,TRUE
4.430172222,2.088011414,TRUE
1.935007352,6.929453294,TRUE
3.383579007,5.376319393,TRUE
2.518628274,5.678645517,TRUE
2.143357167,2.856436259,TRUE
2.733969317,3.093318486,TRUE
2.825124067,4.771583852,TRUE
2.101357201,4.639160108,TRUE
2.486742856,6.279790891,TRUE
4.892608398,1.690211965,TRUE
3.096747871,5.944385637,TRUE
3.157546601,1.80093482,TRUE
1.55956594,1.028315711,TRUE
1.840409884,0.836139801,TRUE
3.674723737,5.360786522,TRUE
11.01154125,8.62039576,TRUE
1.163855271,5.290433814,TRUE
1.154332669,7.278160055,TRUE
2.071455596,6.759372979,TRUE
5.127349911,4.119972779,TRUE
9.056934213,7.044179259,TRUE
5.521678927,4.682407519,TRUE
1.787550798,4.160118772,TRUE
1.312622405,2.88883623,TRUE
4.62856786,2.616016397,TRUE
1.398671023,4.339481632,TRUE
5.502530906,3.394835896,TRUE
3.210433017,0.780169961,TRUE
1.936007586,3.946656856,TRUE
4.042987934,1.361681862,TRUE
1.332007883,6.987541245,TRUE
1.778001312,4.816169238,TRUE
1.812412199,0.74021678,TRUE
1.539665548,6.302555451,TRUE
1.211969744,4.28496758,TRUE
1.991512866,5.8298813,TRUE
4.83691072,2.607927281,TRUE
4.535178387,1.55228593,TRUE
2.639134973,4.953361806,TRUE
2.970141443,7.691251728,TRUE
2.005895514,5.125337567,TRUE
3.338436282,5.321007866,TRUE
1.921625535,8.332142273,TRUE
2.179585719,5.363905583,TRUE
2.745493491,2.735241768,TRUE
3.774123781,6.605809568,TRUE
4.020562901,6.846191149,TRUE
1.887696222,3.186601155,TRUE
2.424596214,7.272339404,TRUE
2.716298855,6.427539647,TRUE
3.513359622,4.749260046,TRUE
1.39274326,3.443482609,TRUE
5.200545232,5.243119242,TRUE
2.151192013,6.471500546,TRUE
4.973310321,6.011355345,TRUE
1.335311775,4.855259711,TRUE
5.346410686,4.954002513,TRUE
3.405515586,2.629367277,TRUE
2.976538021,4.527405783,TRUE
3.828871855,4.912815089,TRUE
2.04416495,7.238598739,TRUE
4.96395679,4.397571935,TRUE
5.326796907,2.556853334,TRUE
2.076717414,7.148523524,TRUE
1.365508416,6.921495544,TRUE
3.141380974,3.030677458,TRUE
3.361177796,5.005766765,TRUE
1.355789257,5.673369604,TRUE
1.574825834,7.226929384,TRUE
1.555651672,7.081914634,TRUE
3.889340046,2.839433367,TRUE
1.876753861,5.758999832,TRUE
5.956325307,4.341266283,TRUE
4.959372064,5.395526299,TRUE
1.514941918,5.334220236,TRUE
4.998418231,6.37428433,TRUE
4.63827433,3.052025082,TRUE
2.867517598,1.617250135,TRUE
4.205078113,4.176046139,TRUE
1.361879085,2.973402569,TRUE
4.261422044,2.456312098,TRUE
3.591528056,6.384495012,TRUE
3.400695438,7.012777652,TRUE
2.227896471,6.84574895,TRUE
1.439477625,8.135014526,TRUE
0.568573372,5.71323749,TRUE
1.948539041,5.869782857,TRUE
3.195431117,6.665107145,TRUE
2.690831555,6.65416121,TRUE
3.071898352,5.79961634,TRUE
1.48187268,7.38203604,TRUE
4.92978308,2.03458403,TRUE
5.033923216,4.31697455,TRUE
2.211198173,4.405195409,TRUE
3.348356102,5.341676584,TRUE
7.837703227,8.924462074,TRUE
2.136674386,5.213041309,TRUE
2.902651466,3.220571847,TRUE
5.606701795,1.672481929,TRUE
1.562127553,6.10661164,TRUE
2.714326038,5.522502194,TRUE
2.4933317,4.639020749,TRUE
1.077397853,3.186855015,TRUE
4.787196374,9.092090509,TRUE
2.440617672,5.641047603,TRUE
5.482554673,5.189529366,TRUE
3.482850061,2.694901733,TRUE
2.034787807,5.787111305,TRUE
2.185524594,6.464153064,TRUE
4.553387186,6.299756916,TRUE
3.071733962,4.350085821,TRUE
2.278231534,5.246407402,TRUE
2.814429141,3.157104175,TRUE
4.86730613,2.917869404,TRUE
5.318386748,2.717769121,TRUE
3.427283455,1.839679838,TRUE
4.783302708,2.523157558,TRUE
3.102131649,2.692184492,TRUE
2.180331468,5.630718471,TRUE
2.003188402,5.903650836,TRUE
4.039869495,5.835075971,TRUE
1.700436275,3.344942281,TRUE
1.294835521,7.362323469,TRUE
2.03678726,3.195645278,TRUE
3.145026537,4.349895002,TRUE
6.216930341,2.562033099,TRUE
5.270258984,5.157599563,TRUE
3.813979162,6.412199596,TRUE
4.969819577,4.074914879,TRUE
1.610685218,6.60860067,TRUE
1.530030478,6.433524581,TRUE
2.245640414,4.464925048,TRUE
4.035078059,2.126795447,TRUE
2.582595987,2.401518094,TRUE
3.934761709,2.805654495,TRUE
2.13402309,4.593577322,TRUE
1.108842259,3.550481105,TRUE
5.093597586,4.907231117,TRUE
4.247926639,7.084349441,TRUE
5.244032926,2.681587569,TRUE
1.784580377,5.200165704,TRUE
4.424785473,2.641388598,TRUE
0.804756094,7.00134725,TRUE
1.750111047,5.093336067,TRUE
4.31550771,4.481782088,TRUE
1.819247108,5.033693876,TRUE
4.738992068,2.267460849,TRUE
1.746314935,7.947282466,TRUE
5.519028068,2.750037411,TRUE
2.498991899,4.544687575,TRUE
4.460610239,1.528236312,TRUE
1.382796146,5.167507896,TRUE
5.200207821,0.456964247,TRUE
2.695320669,2.626258256,TRUE
2.404535738,2.862748119,TRUE
5.622268862,4.376855368,TRUE
2.534875526,2.669100094,TRUE
4.606144729,6.791040852,TRUE
0.992648719,4.782642537,TRUE
3.636956753,5.942379283,TRUE
1.528164911,6.700907537,TRUE
1.269492292,6.466519565,TRUE
1.546600147,2.934359885,TRUE
3.445399867,1.515605673,TRUE
3.989531371,8.198804507,TRUE
1.739052045,3.369829569,TRUE
5.249167792,3.613954189,TRUE
1.995532033,7.328453978,TRUE
1.792764895,8.089677079,TRUE
2.017641604,7.742560939,TRUE
2.686479721,2.831289838,TRUE
1.336413956,6.828676752,TRUE
1.736168523,5.396060585,TRUE
2.737093427,5.379613361,TRUE
1.277594022,5.870685393,TRUE
1.711717217,3.565792803,TRUE
1.794262377,7.039127952,TRUE
2.236287249,3.237220588,TRUE
2.400100984,5.222186572,TRUE
1.699198106,3.210874454,TRUE
1.33559736,7.281529853,TRUE
4.143582795,2.792771801,TRUE
1.791426144,6.049241977,TRUE
3.164111035,8.062745763,TRUE
4.851087853,1.673084654,TRUE
1.847989496,7.463065664,TRUE
1.55007887,6.915294485,TRUE
1.79173284,6.903057531,TRUE
1.342576345,4.764498574,TRUE
2.909708004,4.954137723,TRUE
3.795010662,5.707505076,TRUE
2.042393235,3.593480877,TRUE
2.364622302,0.628546198,TRUE
1.909588059,3.505541488,TRUE
0.951578078,6.295877515,TRUE
3.741975449,1.735569218,TRUE
2.346935493,6.212806117,TRUE
4.296993349,5.581519603,TRUE
1.402573352,6.488976182,TRUE
1.462503416,3.07462598,TRUE
4.41951677,2.184055828,TRUE
2.32238132,7.108830967,TRUE
4.393618543,1.025138732,TRUE
4.771469164,3.623094472,TRUE
2.709021516,3.263238595,TRUE
2.397233265,4.735677896,TRUE
1.311785134,8.451454384,TRUE
5.278726674,3.307795974,TRUE
2.215966268,5.678271611,TRUE
4.426217229,3.929079618,TRUE
3.135850364,7.660582356,TRUE
1.224565081,5.823951248,TRUE
2.722406072,6.037053789,TRUE
5.329793868,3.354239668,TRUE
3.590465487,3.921624682,TRUE
3.401156626,4.537867716,TRUE
2.492275995,4.664969649,TRUE
3.615898067,4.920791333,TRUE
3.271112897,2.795495424,TRUE
3.075877592,4.893171175,TRUE
3.638344437,4.368353517,TRUE
2.536260714,3.624301298,TRUE
5.474827788,2.43262943,TRUE
2.539947935,5.611664776,TRUE
1.239805935,5.044797174,TRUE
2.424952051,6.275646602,TRUE
2.001548375,0.919696219,TRUE
4.49184074,3.935289861,TRUE
2.69899243,2.352260011,TRUE
2.840638339,4.820171414,TRUE
1.910977579,6.88492593,TRUE
5.295744567,5.725938722,TRUE
2.434849782,3.175282262,TRUE
4.773449069,3.935731674,TRUE
1.186788078,0.995524998,TRUE
2.240207045,4.030652914,TRUE
4.691551377,5.106289231,TRUE
1.65960736,2.557856538,TRUE
3.545107188,2.785113115,TRUE
2.617923855,5.204393764,TRUE
4.50963144,6.297966247,TRUE
4.803156544,2.005856336,TRUE
5.251829387,5.680141979,TRUE
1.918056556,5.881372541,TRUE
3.853302164,7.596992341,TRUE
2.10858149,3.233896589,TRUE
3.031908031,7.379884932,TRUE
2.427344397,5.525730041,TRUE
4.505843736,5.651184249,TRUE
4.006377812,2.523003871,TRUE
5.150481119,6.017134939,TRUE
1.705532053,8.736490396,TRUE
4.599920337,5.53182535,TRUE
3.745280479,4.932962509,TRUE
3.713874767,3.074224027,TRUE
4.063845533,5.057259724,TRUE
2.315566599,6.780064897,TRUE
1.991607892,5.075464329,TRUE
2.501361469,2.750186303,TRUE
1.416882112,2.942004883,TRUE
1.386609049,6.713762885,TRUE
4.059698433,5.835160495,TRUE
3.813850752,4.698226006,TRUE
5.365509518,1.35843864,TRUE
1.521067871,6.525085934,TRUE
1.901575503,6.506720908,TRUE
2.988760361,6.016249055,TRUE
4.24063442,4.838069776,TRUE
2.655081834,4.662276982,TRUE
1.665971226,4.275683754,TRUE
1.215759677,7.359155705,TRUE
4.588892799,3.334917421,TRUE
5.783320035,6.028397813,TRUE
4.007385368,3.834030819,TRUE
1.489925749,7.593417129,TRUE
3.507523256,6.606642411,TRUE
4.076496461,2.69251174,TRUE
1.686341036,5.593950681,TRUE
3.879907768,5.715549703,TRUE
5.359430424,3.312642237,TRUE
1.835829871,3.366212021,TRUE
3.022599995,6.889254187,TRUE
0.971256671,7.330102752,TRUE
3.713718868,2.614964694,TRUE
4.739427091,6.746579121,TRUE
1.361373714,7.937233279,TRUE
5.015050426,2.519127298,TRUE
2.361551021,3.727772081,TRUE
3.019100983,2.897644626,TRUE
3.425940423,3.268620909,TRUE
5.934671449,3.693376207,TRUE
2.677841843,4.391186369,TRUE
2.102098327,3.735447927,TRUE
4.20495677,6.467646069,TRUE
3.578576614,3.640778957,TRUE
2.419599913,3.248097122,TRUE
1.243724287,7.222138294,TRUE
3.314544334,3.490403307,TRUE
3.053121313,1.751461889,TRUE
2.609109428,1.513196893,TRUE
5.54501924,1.901004364,TRUE
4.14100122,5.333239729,TRUE
2.428888654,5.229129599,TRUE
3.669648218,5.658287667,TRUE
5.515900899,2.749814192,TRUE
3.185207495,5.587052353,TRUE
2.226108604,4.137608165,TRUE
4.906185463,5.79482178,TRUE
5.75761051,0.991873706,TRUE
3.519377457,2.021891441,TRUE
2.322242473,3.898771796,TRUE
4.802500648,2.57934497,TRUE
3.683361907,2.656449297,TRUE
3.58594271,4.656880774,TRUE
2.891437275,2.839861399,TRUE
5.131728164,2.451108927,TRUE
2.862136457,3.624259783,TRUE
4.017219993,4.330603327,TRUE
3.819188037,5.909185853,TRUE
3.422908367,2.439469847,TRUE
1.869983928,6.448507007,TRUE
1.869432924,7.601807352,TRUE
1.16907388,3.49012674,TRUE
3.46418996,0.689650439,TRUE
2.515453409,5.780078647,TRUE
5.320133617,4.4292558,TRUE
1.212694425,6.626020819,TRUE
1.643015334,6.714125952,TRUE
1.408314087,4.991131304,TRUE
2.106537507,2.737639012,TRUE
4.813987812,5.540406191,TRUE
3.984520637,6.757906356,TRUE
4.272664491,2.670427115,TRUE
4.450043044,4.522087191,TRUE
5.144802048,2.443300285,TRUE
4.485976162,3.933416433,TRUE
2.889209645,2.666842137,TRUE
2.327597087,4.551702968,TRUE
3.18745467,3.17399056,TRUE
3.800951393,4.748179958,TRUE
2.037636357,4.236299706,TRUE
4.743775604,5.193471113,TRUE
4.73986882,7.419964008,TRUE
4.358224128,6.979010798,TRUE
1.599672602,7.600992552,TRUE
5.699724836,3.250415678,TRUE
1.378891134,5.335150313,TRUE
4.490970157,6.626819669,TRUE
5.375873493,4.202029469,TRUE
2.394458888,6.284826877,TRUE
2.067660855,6.810174809,TRUE
5.410746424,3.179508123,TRUE
4.168217822,5.429041888,TRUE
1.719206027,3.361493027,TRUE
5.135366924,1.517139188,TRUE
5.241009096,1.931102031,TRUE
1.424100859,7.698723713,TRUE
5.479565096,4.30783198,TRUE
1.597570569,6.584588998,TRUE
4.566583258,5.199698687,TRUE
4.122588344,7.189968699,TRUE
0.936180942,7.853643535,TRUE
2.820228283,7.705107198,TRUE
3.478932871,3.239011967,TRUE
2.106794032,7.293834803,TRUE
5.370429132,2.318097268,TRUE
2.045868246,7.772824434,TRUE
5.720745506,4.829428369,TRUE
2.349325127,4.928474627,TRUE
1.781757064,8.008271045,TRUE
3.332583203,6.856047804,TRUE
2.195314412,6.44755942,TRUE
3.134535109,6.793433257,TRUE
4.805179842,2.195106276,TRUE
2.175112522,6.295079556,TRUE
5.390660829,2.325549658,TRUE
2.204457511,3.109886359,TRUE
4.793163926,5.228678243,TRUE
2.416155157,6.574329138,TRUE
4.884250467,3.017519279,TRUE
1.345668863,7.531342934,TRUE
1.761917819,7.360557193,TRUE
1.505712571,5.61178993,TRUE
2.079278202,5.615684679,TRUE
3.852884469,7.572878592,TRUE
4.009732003,6.116416571,TRUE
3.790769707,4.725891691,TRUE
2.476269521,3.247252962,TRUE
2.767204517,3.855156414,TRUE
3.491620163,5.596082518,TRUE
1.895404624,5.344443081,TRUE
1.652718574,1.440299347,TRUE
3.599693423,1.931633461,TRUE
1.893665605,4.783742743,TRUE
4.202867511,2.463399036,TRUE
4.344032858,4.891970138,TRUE
2.389816902,3.701762091,TRUE
2.347530721,6.032021589,TRUE
1.672350305,7.380461599,TRUE
4.307754457,6.595418962,TRUE
5.04916096,2.41433633,TRUE
4.507611997,4.417026148,TRUE
3.60705255,6.096960704,TRUE
2.269326059,4.386549709,TRUE
1.4415732,7.539069031,TRUE
1.932281566,5.057682659,TRUE
1.616959718,7.183755501,TRUE
2.641666078,3.016194443,TRUE
0.964018189,4.924648604,TRUE
2.697728698,4.053679051,TRUE
3.102753642,5.49104428,TRUE
3.072493996,2.895956874,TRUE
2.181687163,5.359334209,TRUE
2.543065079,7.682966884,TRUE
4.039403242,7.691206716,TRUE
2.189148986,7.886517222,TRUE
1.423497345,7.588017266,TRUE
2.082135923,6.693960083,TRUE
1.989884746,3.428943174,TRUE
4.363685958,5.97416571,TRUE
0.83938621,6.105062594,TRUE
4.635762896,4.310658284,TRUE
2.011065369,2.58534413,TRUE
3.001186884,4.479269737,TRUE
3.226940643,6.713025132,TRUE
2.150416575,5.042738193,TRUE
3.933855874,7.211419917,TRUE
3.463741546,3.967152139,TRUE
4.212419351,2.478272343,TRUE
1.194332065,4.834034326,TRUE
2.737758029,4.303325974,TRUE
3.569141828,6.734827669,TRUE
3.839028179,6.728068349,TRUE
1.960750319,5.628867271,TRUE
1.496881806,8.200018866,TRUE
3.080122685,4.768645879,TRUE
3.297789962,6.910971728,TRUE
5.594385116,3.162422696,TRUE
1.977350124,5.169885371,TRUE
4.546499688,1.679400074,TRUE
3.549734684,5.942136906,TRUE
4.566035512,4.175144387,TRUE
2.098048574,6.498083559,TRUE
2.465816705,4.793411672,TRUE
5.082306161,4.508427771,TRUE
1.312981761,7.097405968,TRUE
1.2732836,6.352288125,TRUE
1.815614524,4.762124821,TRUE
1.408004834,6.837433634,TRUE
2.919713371,3.095813783,TRUE
3.317552612,2.935212401,TRUE
1.786597834,5.498094628,TRUE
1.243254805,5.476502687,TRUE
4.250280601,6.766729728,TRUE
2.378676526,8.052368824,TRUE
1.819421561,7.376936164,TRUE
2.169221313,6.399108873,TRUE
3.142536237,6.300638388,TRUE
2.459090711,4.343508994,TRUE
3.03025503,5.010809541,TRUE
4.25344413,6.442270787,TRUE
2.253503896,6.293551354,TRUE
2.176332172,5.117526101,TRUE
1.490263775,7.92038216,TRUE
1.710501751,7.223798095,TRUE
1.124998765,7.346063416,TRUE
1.467574301,5.55000261,TRUE
5.827973985,2.212154072,TRUE
4.225136169,5.778223398,TRUE
5.426204269,2.80799921,TRUE
2.246244954,1.165534403,FALSE
1.970300284,0.719400022,FALSE
2.616887977,1.360436743,FALSE
5.061901185,0.597291418,FALSE
2.774442101,1.716787565,FALSE
2.525990981,0.874459784,FALSE
1.319426088,1.171736095,FALSE
1.868894047,1.144829677,FALSE
1.899389163,7.173031838,FALSE
5.352345178,0.808298581,FALSE
3.277597022,0.607630938,FALSE
1.302898183,2.864432421,FALSE
1.27084048,1.562732426,FALSE
1.371100093,1.370857578,FALSE
2.074982407,1.545769962,FALSE
1.545765043,1.349234076,FALSE
2.458475121,3.039459384,FALSE
2.016637168,0.544244618,FALSE
2.720892795,0.70110991,FALSE
2.306809833,1.542647276,FALSE
1.947361467,1.056765118,FALSE
0.549844638,1.593732281,FALSE
0.821909148,7.212672733,FALSE
2.409196455,0.736557235,FALSE
2.53154331,3.070681197,FALSE
3.341140738,0.549466418,FALSE
2.375041522,1.12646695,FALSE
1.436873039,2.923294578,FALSE
1.768801829,3.067921705,FALSE
2.939448974,1.258045844,FALSE
4.820782603,9.15839939,FALSE
0.996192834,6.600805903,FALSE
2.650525895,1.308458197,FALSE
1.665872072,6.567849803,FALSE
1.255649223,2.540129059,FALSE
2.839157642,1.141364203,FALSE
3.483437191,1.031200032,FALSE
5.594416669,0.367806004,FALSE
2.901041325,2.957123589,FALSE
1.987394,2.810814098,FALSE
4.932990846,0.758161967,FALSE
1.457106135,3.540958266,FALSE
1.513629133,1.331971466,FALSE
3.491934048,1.69483863,FALSE
4.345146674,0.722651522,FALSE
1.337711216,4.743821907,FALSE
1.726697991,3.315142334,FALSE
2.492888549,1.189957237,FALSE
4.851756643,0.723875221,FALSE
0.835239047,5.172216409,FALSE
1.437495854,2.519898833,FALSE
1.922403919,0.948684539,FALSE
1.606224315,1.158328864,FALSE
4.97801639,0.609385448,FALSE
2.868761237,0.659738702,FALSE
5.847072219,0.435924414,FALSE
3.027395536,0.592844672,FALSE
4.606519532,0.507732885,FALSE
0.650756704,1.230425928,FALSE
1.761123429,2.48004221,FALSE
0.904102911,0.958547365,FALSE
1.773757788,2.867854618,FALSE
4.114034885,2.892163472,FALSE
1.392280905,1.276787222,FALSE
2.675932351,2.23848926,FALSE
3.528229359,1.779066869,FALSE
1.06485218,3.216776237,FALSE
3.207159754,2.293644356,FALSE
4.541443954,0.491998751,FALSE
2.600581345,0.298459195,FALSE
3.113799406,3.705813357,FALSE
5.245487142,1.925898409,FALSE
2.688495178,2.48073163,FALSE
2.064709073,2.790844546,FALSE
2.258290514,7.721482757,FALSE
0.355167122,5.690769329,FALSE
1.114669774,6.278467424,FALSE
3.426603084,2.621419448,FALSE
1.674829558,1.299945843,FALSE
3.391490166,0.536619355,FALSE
4.97815312,0.75130896,FALSE
2.340396117,1.463235404,FALSE
4.792425068,1.857735488,FALSE
3.02625836,1.134684109,FALSE
1.85760611,3.033765427,FALSE
1.08199063,6.583712062,FALSE
1.04860251,6.279102387,FALSE
1.501431977,5.446516949,FALSE
7.114628679,0.563795555,FALSE
4.077914676,5.252407605,FALSE
1.856476996,3.352280434,FALSE
2.681368789,6.131792635,FALSE
4.215191453,4.305195729,FALSE
3.002985487,7.499321205,FALSE
3.382233442,0.582518873,FALSE
1.810272186,5.053437004,FALSE
1.56725437,5.762030946,FALSE
1.351871164,7.818911712,FALSE
1.131555886,3.607448108,FALSE
2.011384043,1.10384926,FALSE
1.566646359,1.445003394,FALSE
3.371357199,2.328551177,FALSE
5.109675902,0.436711245,FALSE
5.067714843,0.433910304,FALSE
4.71640362,0.497370275,FALSE
1.457711304,1.232519752,FALSE
3.512838724,0.968020671,FALSE
4.726548326,1.748648127,FALSE
2.757733306,3.818159487,FALSE
1.901807114,5.319353599,FALSE
5.628843252,3.237828425,FALSE
2.89648707,3.28719778,FALSE
1.50627607,1.525290725,FALSE
0.550462999,8.05346696,FALSE
1.250678411,1.421528054,FALSE
1.080108756,2.787568259,FALSE
1.131475178,3.179686559,FALSE
1.118498064,4.897201253,FALSE
1.230937542,6.042436753,FALSE
2.072704294,2.242088676,FALSE
2.13922329,2.723596936,FALSE
1.658260648,0.827176579,FALSE
2.741947395,2.497514797,FALSE
1.301101261,1.335242873,FALSE
1.696624983,1.534943803,FALSE
1.836901967,1.144575637,FALSE
4.341553696,0.580332965,FALSE
3.823586042,2.528728461,FALSE
1.318185147,2.843456599,FALSE
0.822525193,4.161630586,FALSE
2.228350116,3.629917227,FALSE
3.059990532,1.605095255,FALSE
2.992676024,0.528714935,FALSE
2.681553835,3.376473196,FALSE
1.698803398,1.099492164,FALSE
2.430842847,0.691942385,FALSE
2.085361646,0.951285678,FALSE
2.324598532,0.738188416,FALSE
1.755540231,1.49794174,FALSE
0.712816986,6.904145173,FALSE
1.842993596,1.214705943,FALSE
3.769887647,7.706942012,FALSE
2.596735817,0.804068842,FALSE
2.801637208,0.486554216,FALSE
2.340812669,0.625811391,FALSE
2.430820472,3.525013292,FALSE
1.696964519,3.117457963,FALSE
1.995801811,1.546014191,FALSE
1.875548565,1.362444627,FALSE
2.091128864,1.695509864,FALSE
3.59898808,1.516943218,FALSE
4.671673711,1.477235993,FALSE
2.292456767,0.562914889,FALSE
5.007708043,0.465387221,FALSE
4.803094558,0.529357229,FALSE
2.297491085,0.634173513,FALSE
3.5181382,0.915196282,FALSE
5.11513114,0.426108363,FALSE
3.345031266,0.676379503,FALSE
4.209919285,0.807037744,FALSE
1.381037128,3.425672419,FALSE
1.771827369,1.197543279,FALSE
2.769443762,1.202131038,FALSE
1.690147915,1.482648467,FALSE
2.705286726,1.09341991,FALSE
2.048865566,1.247475794,FALSE
3.650741173,9.636837064,FALSE
3.646382302,0.766199783,FALSE
2.347930668,0.621952181,FALSE
2.069835122,0.704659593,FALSE
3.417362271,0.353134143,FALSE
3.536821572,0.8499753,FALSE
4.227956652,1.144340807,FALSE
4.692800051,1.76737138,FALSE
2.63158265,0.870209893,FALSE
2.485800014,0.958594704,FALSE
3.730925667,0.518389401,FALSE
2.606120595,1.518424535,FALSE
4.279697612,0.733742886,FALSE
1.924560257,1.340844803,FALSE
4.199325846,1.70340781,FALSE
4.084085333,0.552993524,FALSE
3.658910063,1.016555253,FALSE
1.818082772,2.845305547,FALSE
2.532630008,0.866635877,FALSE
1.539918406,1.310934673,FALSE
2.989924312,2.938350696,FALSE
3.387401355,0.36448032,FALSE
3.029370712,1.090010377,FALSE
2.687882006,0.890272178,FALSE
4.899319093,0.138074729,FALSE
1.546789008,3.669456913,FALSE
4.448700959,1.870134485,FALSE
1.688590743,2.938842104,FALSE
1.49928366,1.592564008,FALSE
3.816425236,0.457022671,FALSE
2.804840825,0.921251731,FALSE
1.779910302,2.983660029,FALSE
2.598941141,1.498613725,FALSE
2.979099875,1.647974282,FALSE
6.295860344,0.190452545,FALSE
6.533673843,0.132049399,FALSE
3.858845249,1.805133135,FALSE
1.444754633,3.433567466,FALSE
2.549801847,0.680050451,FALSE
5.014549258,0.632456436,FALSE
2.265537801,0.723185769,FALSE
7.181403175,0.319566099,FALSE
2.420642821,0.742164495,FALSE
2.913619238,0.510076127,FALSE
1.913584398,2.838459952,FALSE
4.416681389,2.184296867,FALSE
4.967381565,1.137294099,FALSE
3.605387802,0.379623807,FALSE
5.33114621,1.620417458,FALSE
2.634402919,0.553619734,FALSE
5.157381467,0.583304796,FALSE
1.936595696,1.10187339,FALSE
2.416701149,1.139415288,FALSE
6.01665391,1.393243071,FALSE
3.029039934,0.548497288,FALSE
2.126180353,0.955088912,FALSE
3.641297299,0.98961719,FALSE
2.488982376,2.655765088,FALSE
3.910909706,1.082223957,FALSE
6.367419415,0.131310875,FALSE
2.926922953,0.557018694,FALSE
2.639987193,0.440090338,FALSE
5.036575431,0.318583334,FALSE
2.748449804,0.476059927,FALSE
2.889726888,0.623830346,FALSE
1.836361482,3.469676164,FALSE
1.009222345,1.218447905,FALSE
5.365760158,0.442221136,FALSE
1.726728413,3.631310458,FALSE
0.921836187,1.285002204,FALSE
2.384039281,3.480182578,FALSE
5.363819093,0.520848178,FALSE
3.095261646,1.31813826,FALSE
3.141798875,2.835804439,FALSE
5.235156176,1.727341095,FALSE
4.44742001,1.568528112,FALSE
3.400576869,1.783013176,FALSE
3.000969675,0.951528533,FALSE
3.256627023,0.59340182,FALSE
2.232772078,1.048456958,FALSE
4.378623589,0.613745163,FALSE
2.970885725,0.951217397,FALSE
2.37947719,2.578325633,FALSE
2.844574837,2.137245928,FALSE
2.820178036,0.887057824,FALSE
2.448165909,0.808992152,FALSE
4.1715285,0.669520645,FALSE
1.297370624,0.964348064,FALSE
3.211618601,1.024756918,FALSE
2.333755765,1.161506118,FALSE
2.15937521,1.279309557,FALSE
2.179209428,2.753735663,FALSE
1.285871303,0.976233473,FALSE
5.701855815,0.345430167,FALSE
2.717123107,1.231728507,FALSE
0.971070979,0.953468276,FALSE
2.676242291,0.646267016,FALSE
1.481624415,0.870143996,FALSE
3.195163282,1.020289891,FALSE
1.917666294,2.810578965,FALSE
1.468621673,2.768189742,FALSE
2.559469107,0.978484075,FALSE
3.635640284,1.309903247,FALSE
1.204931526,1.113342642,FALSE
3.098596445,0.45481822,FALSE
1.486125573,1.143739412,FALSE
5.551439094,0.357785003,FALSE
2.08280546,0.985235508,FALSE
5.931727845,0.268930935,FALSE
3.749217146,0.344718676,FALSE
1.57250405,0.662721766,FALSE
3.645898954,5.50777105,FALSE
4.157583849,0.743567464,FALSE
3.024319967,0.655207405,FALSE
1.893065522,1.339422553,FALSE
4.107670526,1.284312737,FALSE
4.811479645,0.716200895,FALSE
2.463654055,0.658770937,FALSE
2.743479629,1.143317848,FALSE
5.34177171,0.726304824,FALSE
3.279797452,1.233351081,FALSE
3.199861875,1.128217343,FALSE
2.320180003,1.041734516,FALSE
3.53395854,0.426448262,FALSE
1.611056797,1.06290665,FALSE
2.896464291,3.601524738,FALSE
6.852688678,2.265034998,FALSE
2.680035976,3.191245878,FALSE
1.632016629,3.403560936,FALSE
3.196850376,0.726265964,FALSE
7.090243843,1.672286147,FALSE
4.344548433,1.24979764,FALSE
4.795628335,0.484730446,FALSE
3.945091479,0.836667749,FALSE
3.383061455,0.823578478,FALSE
2.108585153,0.995522861,FALSE
3.419467628,0.77571124,FALSE
6.070064848,1.348333006,FALSE
1.895600123,5.000418463,FALSE
1.090751988,5.63025062,FALSE
2.715851958,1.093825189,FALSE
4.816629335,1.400937341,FALSE
2.706762901,0.588764201,FALSE
2.870888089,0.662239564,FALSE
4.85272499,0.569943178,FALSE
2.96622471,2.718459507,FALSE
5.767292032,0.406404442,FALSE
3.001172064,4.698514691,FALSE
17.0305002,19.7944161,FALSE
2.119579307,0.894272646,FALSE
2.388470148,2.973047971,FALSE
1.555599614,3.306132097,FALSE
4.575173667,1.429814035,FALSE
2.056317173,1.397236653,FALSE
2.761322488,1.079677968,FALSE
5.576427615,0.306351902,FALSE
2.932658058,1.684097858,FALSE
5.353357593,0.61717266,FALSE
3.323538186,1.343802471,FALSE
1.615363097,1.112841119,FALSE
1.0239967,0.925683302,FALSE
4.922683542,0.506948893,FALSE
1.773584964,3.217498078,FALSE
2.524323239,2.701672181,FALSE
5.571225094,0.571408032,FALSE
2.899279442,1.241480492,FALSE
2.14827963,1.003502111,FALSE
2.158589361,1.593228947,FALSE
3.220080835,1.394202091,FALSE
2.012657368,1.720607841,FALSE
3.148779373,1.340381654,FALSE
2.260003566,1.137442806,FALSE
6.187304268,0.288447126,FALSE
3.959821087,1.185178045,FALSE
1.10167171,3.108361377,FALSE
2.755411582,0.474707981,FALSE
2.646917526,0.946460177,FALSE
1.25486003,2.982499456,FALSE
2.385327277,0.796451892,FALSE
3.402382415,1.314418813,FALSE
2.097169056,1.128681912,FALSE
2.611416256,0.910686644,FALSE
1.986563292,0.779577985,FALSE
5.375560248,0.400934977,FALSE
1.789618115,0.996477046,FALSE
5.013621751,0.551471714,FALSE
2.597864886,1.223628102,FALSE
3.715633457,1.148471595,FALSE
3.904058083,3.560602358,FALSE
3.146592283,2.57293682,FALSE
2.526778665,1.892230065,FALSE
5.635859478,0.455943174,FALSE
2.829473548,0.213511162,FALSE
2.37545777,0.989451569,FALSE
6.127868257,0.066042404,FALSE
5.146431097,1.665299498,FALSE
3.448827606,2.538526203,FALSE
2.133357966,1.248315261,FALSE
4.395385178,1.707461156,FALSE
4.56108933,0.790905434,FALSE
2.41257585,1.661596994,FALSE
2.422230985,1.131979718,FALSE
3.607754203,3.574740388,FALSE
3.450469671,1.856357993,FALSE
3.41778511,1.603244201,FALSE
2.763164102,1.398154139,FALSE
5.995762104,1.541522398,FALSE
1.58874044,1.608850189,FALSE
1.993237944,1.414189632,FALSE
3.84837884,0.197702129,FALSE
3.958090637,1.075788172,FALSE
3.225690069,0.830541526,FALSE
2.586143078,0.443635817,FALSE
2.622521434,1.194146596,FALSE
3.022256803,3.266784602,FALSE
2.281764423,1.288256428,FALSE
2.514642017,2.572475082,FALSE
3.23259298,0.993022132,FALSE
1.483654105,1.529340892,FALSE
3.325132547,0.376880863,FALSE
3.565218067,3.447725836,FALSE
3.304575985,3.249627813,FALSE
1.811893497,3.399784699,FALSE
2.967713971,2.371002391,FALSE
4.155451994,1.434394132,FALSE
4.450350814,1.549302982,FALSE
1.880292044,1.084991609,FALSE
2.178218641,3.390042654,FALSE
1.648370162,1.346839755,FALSE
1.858094105,1.476061231,FALSE
1.078997545,3.456966417,FALSE
2.015812063,1.172963905,FALSE
4.951920814,0.514658836,FALSE
1.085766874,5.406266092,FALSE
1.361705175,5.362329658,FALSE
2.325773307,0.866515566,FALSE
2.625110707,2.900771272,FALSE
3.560485884,0.53623695,FALSE
4.068865336,1.029670794,FALSE